{
  "negative": 1.3810806765454273,
  "neutral": 1.5378333333333334,
  "positive": 0.6151333333333333
}